eyebrow/6_261.jpg,2
mascara/990.jpg,6
mascara/16.jpeg,6
bbCream/1591974297.4060996.jpg,0
eyebrow/6_52.jpg,2
foundation/1_82.jpg,4
foundation/386.png,4
foundation/1_143.jpg,4
lipstick/615.png,5
nail_polish/138.png,7
mascara/5_215.jpg,6
foundation/334.jpeg,5
blush/0_75.jpg,1
blush/1017.png,1
foundation/317.png,4
blush/0_104.jpg,1
bbCream/1591973804.2530024.jpg,4
foundation/1_5.jpg,4
blush/421.jpg,1
foundation/391.jpg,3
lipstick/873.jpg,5
nail_polish/93_2.jpg,7
lipstick/3_148.jpg,5
mascara/5_275.jpg,6
foundation/1_16.jpg,4
foundation/1_96.jpg,4
lipstick/516.jpg,5
eyebrow/6_248.jpg,2
eyeshadow/4_57.jpg,3
blush/0_136.jpg,1
nail_polish/142.jpg,3
bbCream/1591974298.7393937.jpg,0
blush/924.jpg,1
mascara/5_228.jpg,6
eyebrow/6_20.jpg,2
bbCream/1591974288.053845.jpg,0
eyebrow/6_213.jpg,2
nail_polish/104_2.jpg,7
foundation/1_73.jpg,4
nail_polish/103b_2.jpg,7
nail_polish/156.jpg,7
eyebrow/6_207.jpg,2
eyebrow/6_90.jpg,2
foundation/1_2.jpg,4
eyebrow/6_121.jpg,2
eyebrow/912.jpg,2
mascara/1025.png,6
eyeshadow/530.jpg,3
bbCream/1591974288.8068342.jpg,0
bbCream/1591974286.984704.jpg,0
foundation/342.jpeg,4
lipstick/877.jpg,5
eyebrow/6_62.jpg,2
mascara/5_18.jpg,6
foundation/1_80.jpg,4
lipstick/3_1.jpg,5
foundation/336.jpeg,4
nail_polish/144.jpg,7
mascara/48.jpg,5
eyebrow/6_102.jpg,2
bbCream/1591974298.1649284.jpg,0
eyebrow/1019.jpg,2
blush/920.jpg,1
blush/0_154.jpg,1
foundation/1_55.jpg,4
foundation/1_132.jpg,4
mascara/5_139.jpg,4
foundation/1_29.jpg,4
blush/0_183.jpg,1
eyebrow/6_94.jpg,2
bbCream/1591974294.1733775.jpg,4
eyebrow/6_6.jpg,2
bbCream/1591973806.808174.jpg,0
blush/0_169.jpg,1
mascara/5_175.jpg,2
eyebrow/553.jpg,6
bbCream/1591974288.474722.jpg,0
mascara/26.jpeg,5
bbCream/1591974288.1196697.jpg,4
foundation/1_64.jpg,4
eyeshadow/283.jpeg,3
eyeshadow/305.jpeg,3
mascara/8.jpeg,2
bbCream/1591974291.0613208.jpg,0
bbCream/1591974288.644268.jpg,0
foundation/1_101.jpg,4
foundation/899.jpg,4
lipstick/58.png,5
foundation/337.png,4
blush/414.png,1
blush/449.jpeg,1
lipstick/619.png,0
foundation/1_113.jpg,4
nail_polish/123.png,7
foundation/898.jpg,4
blush/0_37.jpg,1
foundation/1_135.jpg,0
foundation/1_36.jpg,4
nail_polish/121.jpg,7
foundation/897.jpg,4
